epoch,train_loss,val_loss
1,0.006120554050860388,0.003602425011618798
